customer_unique_id,order_purchase_timestamp,recency,recency_score,frequency,frequency_score,total_price,total_freight,payment_value,monetary_score,mean_review_score,segment,at_risk,freight_to_price_ratio,customer_city,customer_state,mean_lat,mean_lng,customer_state_desc,mean_delivery_time,min_target_days,customer_late_status,mean_jarak_km,mean_delivery_days,mean_jarak_km_flag,payment_installments,installments_flag,latest_review_flag,negative_flag,neutral_flag,positive_flag
0000366f3b9a7992bf8c76cfdf3221e2,2018-05-10 10:56:27,160,4,1,1,129.9,12.0,141.9,4,5,Recent Buyers / New,0,0.09237875288683603,cajamar,SP,-23.34023461327358,-46.830139519037004,São Paulo,6 days 09:37:19,4 days 03:11:23,not_late_victims,110.56863575937481,6.400914351851852,sangat_dekat,8,cicil,positive,0,0,1
0000b849f77a49e4a4ce2b2a4ca5be3f,2018-05-07 11:11:27,163,4,1,1,18.9,8.29,27.189999999999998,1,4,Recent Buyers / New,0,0.43862433862433864,osasco,SP,-23.5591147795387,-46.78762555874676,São Paulo,2 days 23:36:58,4 days 05:57:18,not_late_victims,22.168333187690575,2.9840046296296294,sangat_dekat,1,tidak_cicil,neutral,0,1,0
0000f46a3911fa3c0805444483337064,2017-03-10 21:05:03,585,1,1,1,69.0,17.22,86.22,2,3,Lost / Hibernating,1,0.24956521739130433,sao jose,SC,-27.54287971138869,-48.633426145173786,Santa Catarina,25 days 17:33:44,1 days 09:21:13,not_late_victims,516.9388361655829,25.73175925925926,sedang,8,cicil,negative,1,0,0
0000f6ccb0745a6a4b88665a16c9f078,2017-10-12 20:29:41,369,2,1,1,25.99,17.63,43.62,1,4,About to Sleep,1,0.6783378222393228,belem,PA,-1.312214053330499,-48.48315851352102,Pará,20 days 00:33:48,11 days 02:36:55,not_late_victims,2481.287187859459,20.02347222222222,sangat_jauh,4,cicil,neutral,0,1,0
0004aac84e0df4da2b147fca70cf8255,2017-11-14 19:45:42,336,2,1,1,180.0,16.89,196.89,4,5,About to Sleep,1,0.09383333333333334,sorocaba,SP,-23.505547950176677,-47.46970526393222,São Paulo,13 days 03:02:04,7 days 00:51:04,not_late_victims,154.50788691602764,13.126435185185185,dekat,6,cicil,positive,0,0,1
0004bd2a26a76fe21f786e4fbd80607f,2018-04-05 19:33:16,194,4,1,1,154.0,12.98,166.98,4,4,Recent Buyers / New,0,0.08428571428571428,sao paulo,SP,-23.515676072388047,-46.68823275335754,São Paulo,1 days 20:23:44,11 days 07:47:17,not_late_victims,27.189874188911894,1.8498148148148148,sangat_dekat,8,cicil,neutral,0,1,0
00050ab1314c0e55a6ca13cf7181fecf,2018-04-20 12:57:23,180,4,1,1,27.99,7.39,35.379999999999995,1,4,Recent Buyers / New,0,0.26402286530903896,campinas,SP,-22.823420763935182,-47.08719295680403,São Paulo,2 days 08:17:46,11 days 11:51:01,not_late_victims,101.54609421872352,2.3456712962962962,sangat_dekat,1,tidak_cicil,neutral,0,1,0
00053a61a98854899e70ed204dd4bafe,2018-02-28 11:15:41,231,3,1,1,382.0,37.18,419.18,5,1,Bad First Impression (New),1,0.09732984293193717,curitiba,PR,-25.431322500860055,-49.27921885397559,Paraná,16 days 07:30:09,9 days 04:57:09,not_late_victims,503.683954506074,16.312604166666667,sedang,3,cicil,negative,1,0,0
0005e1862207bf6ccc02e4228effd9a0,2017-03-04 23:32:12,591,1,1,1,135.0,15.12,150.12,4,4,Lost / Hibernating,1,0.11199999999999999,teresopolis,RJ,-22.401370616090784,-42.991001939270085,Rio de Janeiro,4 days 08:49:42,27 days 15:26:52,not_late_victims,246.72048424713375,4.367847222222222,dekat,3,cicil,neutral,0,1,0
0005ef4cd20d2893f0d9fbd94d3c0d97,2018-03-12 15:22:12,219,4,1,1,104.9,24.86,129.76,3,1,Bad First Impression (New),1,0.2369876072449952,sao luis,MA,-2.545260736873305,-44.23499277150638,Maranhão,53 days 20:59:52,-32 days +11:21:22,is_late_victims,2250.6360990075414,53.874907407407406,sangat_jauh,4,cicil,negative,1,0,0
0006fdc98a402fceb4eb0ee528f6a8d4,2017-07-18 09:23:10,456,1,1,1,13.9,15.1,29.0,1,3,Lost / Hibernating,1,1.0863309352517985,mimoso do sul,ES,-21.061570668726116,-41.36296449402211,Espírito Santo,16 days 09:12:27,11 days 05:17:11,not_late_victims,776.7581761085124,16.383645833333333,jauh,2,cicil,negative,1,0,0
00082cbe03e478190aadbea78542e933,2017-11-19 15:22:02,332,2,1,1,79.0,47.26,126.25999999999999,3,5,About to Sleep,1,0.5982278481012658,itapeva,SP,-23.983249436265403,-48.87652512325583,São Paulo,8 days 18:03:05,7 days 02:04:31,not_late_victims,233.4875402049782,8.752141203703705,dekat,1,tidak_cicil,positive,0,0,1
00090324bbad0e9342388303bb71ba0a,2018-03-24 14:44:41,207,4,1,1,49.95,13.71,63.660000000000004,2,5,Recent Buyers / New,0,0.2744744744744745,campinas,SP,-22.97413138758236,-47.12644955885273,São Paulo,15 days 22:40:13,7 days 10:24:18,not_late_victims,221.31968565141395,15.944594907407408,dekat,3,cicil,positive,0,0,1
000949456b182f53c18b68d6babc79c1,2018-04-23 09:55:46,177,4,1,1,64.89,17.16,82.05,2,4,Recent Buyers / New,0,0.2644475265834489,sao bernardo do campo,SP,-23.670914716555867,-46.565135129733704,São Paulo,5 days 20:56:06,14 days 08:24:57,not_late_victims,884.741846374321,5.8722916666666665,sangat_jauh,1,tidak_cicil,neutral,0,1,0
000a5ad9c4601d2bbdd9ed765d5213b3,2017-08-11 13:45:15,432,1,1,1,76.99,14.29,91.28,3,4,Lost / Hibernating,1,0.18560852058708924,porto alegre,RS,-30.020688672514343,-51.200705977464835,Rio Grande do Sul,11 days 06:53:52,14 days 03:02:03,not_late_victims,837.280671068856,11.287407407407407,jauh,3,cicil,neutral,0,1,0
000bfa1d2f1a41876493be685390d6d3,2017-09-29 14:46:58,383,2,1,1,35.0,11.85,46.85,1,5,About to Sleep,1,0.3385714285714286,santos,SP,-23.92726582155666,-46.37847494477223,São Paulo,13 days 22:45:39,12 days 10:09:53,not_late_victims,459.1150831163647,13.948368055555555,sedang,4,cicil,positive,0,0,1
000c8bdb58a29e7115cfc257230fb21b,2017-12-12 22:53:35,308,3,1,1,13.9,15.1,29.0,1,5,About to Sleep,1,1.0863309352517985,belo horizonte,MG,-19.841600785453995,-43.98022183612361,Minas Gerais,14 days 01:54:43,8 days 22:22:48,not_late_victims,535.7165022768237,14.079664351851852,jauh,2,cicil,positive,0,0,1
000d460961d6dbfa3ec6c9f5805769e1,2018-01-07 22:59:25,282,3,1,1,28.9,7.78,36.68,1,5,About to Sleep,1,0.26920415224913496,sao paulo,SP,-23.53586368511747,-46.64281871336397,São Paulo,3 days 23:11:02,12 days 01:39:37,not_late_victims,15.589359770624853,3.9659953703703703,sangat_dekat,1,tidak_cicil,positive,0,0,1
000de6019bb59f34c099a907c151d855,2017-08-17 19:10:33,425,2,1,1,229.8,27.64,257.44,5,2,Bad First Impression (New),1,0.12027850304612707,sao sebastiao,SP,-23.82155150723974,-45.43303767216161,São Paulo,3 days 23:23:20,15 days 04:41:18,not_late_victims,259.3838249980925,3.974537037037037,dekat,4,cicil,negative,1,0,0
000e309254ab1fc5ba99dd469d36bdb4,2018-06-25 09:53:57,114,5,1,1,59.9,18.52,78.42,2,3,Recent Buyers / New,0,0.30918196994991654,valparaiso de goias,GO,-16.087705352464873,-47.98803412755803,Goiás,14 days 12:50:27,14 days 00:55:29,not_late_victims,497.8584671229213,14.535034722222223,sedang,1,tidak_cicil,negative,1,0,0
000ec5bff359e1c0ad76a81a45cb598f,2018-08-21 11:34:26,57,5,1,1,14.96,12.79,27.75,1,5,Recent Buyers / New,0,0.854946524064171,salto de pirapora,SP,-23.650084860226972,-47.577740424892745,São Paulo,6 days 01:20:47,8 days 10:48:20,not_late_victims,119.40587050127719,6.056099537037037,dekat,1,tidak_cicil,positive,0,0,1
000ed48ceeb6f4bf8ad021a10a3c7b43,2018-05-20 16:26:06,150,4,1,1,12.88,7.87,20.75,1,5,Recent Buyers / New,0,0.6110248447204969,sao paulo,SP,-23.54950569815466,-46.64843251428849,São Paulo,2 days 02:06:05,7 days 04:54:35,not_late_victims,53.63582481545482,2.0875578703703703,sangat_dekat,1,tidak_cicil,positive,0,0,1
000fbf0473c10fc1ab6f8d2d286ce20c,2018-07-26 09:43:52,83,5,1,1,285.8,76.56,362.36,5,5,Recent Buyers / New,0,0.26787963610916726,indaiatuba,SP,-23.0863391564841,-47.21688683643498,São Paulo,7 days 13:59:13,13 days 07:55:27,not_late_victims,422.33373966415144,7.582789351851852,sedang,1,tidak_cicil,positive,0,0,1
0010a452c6d13139e50b57f19f52e04e,2017-07-11 11:22:43,463,1,1,1,299.0,26.93,325.93,5,1,Bad First Impression (New),1,0.09006688963210702,taquara,RS,-29.64374771606845,-50.780033883122194,Rio Grande do Sul,14 days 23:14:05,18 days 13:15:27,not_late_victims,787.856842489665,14.968113425925926,jauh,10,cicil,negative,1,0,0
0010fb34b966d44409382af9e8fd5b77,2018-03-05 17:08:53,226,3,1,1,49.95,11.85,61.800000000000004,2,4,About to Sleep,1,0.23723723723723722,sao paulo,SP,-23.647259845532545,-46.643892596631275,São Paulo,21 days 22:08:33,-3 days +07:20:49,is_late_victims,307.2984948213625,21.922604166666666,dekat,6,cicil,neutral,0,1,0
001147e649a7b1afd577e873841632dd,2017-08-31 17:12:56,412,2,1,1,170.0,42.16,212.16,5,4,About to Sleep,1,0.24799999999999997,maringa,PR,-23.41291430618596,-51.94203814434729,Paraná,8 days 02:29:13,13 days 04:05:32,not_late_victims,534.8081871758685,8.103622685185185,jauh,1,tidak_cicil,neutral,0,1,0
00115fc7123b5310cf6d3a3aa932699e,2017-01-21 21:58:35,633,1,1,1,59.99,16.12,76.11,2,4,Lost / Hibernating,1,0.2687114519086514,brasilia,DF,-15.823198034175316,-47.987107680110014,Distrito Federal,10 days 23:47:23,32 days 02:02:24,not_late_victims,773.6721507040131,10.991238425925927,jauh,1,tidak_cicil,neutral,0,1,0
0011805441c0d1b68b48002f1d005526,2017-04-24 13:36:48,541,1,1,1,269.0,28.14,297.14,5,3,Lost / Hibernating,1,0.1046096654275093,goianesia do para,PA,-3.858681285940547,-49.07671060370593,Pará,18 days 00:14:24,12 days 09:55:18,not_late_victims,2207.9374648242706,18.01,sangat_jauh,10,cicil,negative,1,0,0
0011857aff0e5871ce5eb429f21cdaf5,2017-06-28 11:08:38,476,1,1,1,174.33,18.5,192.83,4,5,Lost / Hibernating,1,0.10612057591923363,santo andre,SP,-23.64365536920469,-46.546368391966425,São Paulo,8 days 05:56:22,19 days 06:48:14,not_late_victims,818.270056061169,8.247476851851852,jauh,3,cicil,positive,0,0,1
0011c98589159d6149979563c504cb21,2017-08-05 14:08:47,438,1,1,1,99.99,17.95,117.94,3,5,Lost / Hibernating,1,0.17951795179517951,campos altos,MG,-19.69675757095511,-46.169855128235056,Minas Gerais,11 days 02:45:35,27 days 06:50:46,not_late_victims,428.72858625302905,11.114988425925926,sedang,5,cicil,positive,0,0,1
0012929d977a8d7280bb277c1e5f589d,2017-10-17 15:46:36,365,2,1,1,129.9,25.75,155.65,4,1,Bad First Impression (New),1,0.19822940723633564,canoas,RS,-29.916961604485003,-51.179846893413064,Rio Grande do Sul,5 days 15:15:19,14 days 05:03:57,not_late_victims,390.2976199443428,5.635636574074074,sedang,1,tidak_cicil,negative,1,0,0
0014a5a58da615f7b01a4f5e194bf5ea,2018-01-18 20:49:36,271,3,1,1,88.0,11.82,99.82,3,5,About to Sleep,1,0.1343181818181818,sao paulo,SP,-23.576111884428947,-46.67139205737759,São Paulo,8 days 01:42:15,6 days 01:21:23,not_late_victims,14.17693372005085,8.071006944444445,sangat_dekat,3,cicil,positive,0,0,1
0015752e079902b12cd00b9b7596276b,2018-08-02 18:23:51,75,5,1,1,59.8,15.02,74.82,2,5,Recent Buyers / New,0,0.2511705685618729,sao paulo,SP,-23.552915150652815,-46.593976495164206,São Paulo,3 days 20:18:40,3 days 08:10:40,not_late_victims,16.81576232538812,3.846296296296296,sangat_dekat,3,cicil,positive,0,0,1
00172711b30d52eea8b313a7f2cced02,2018-07-28 00:23:49,81,5,1,1,74.5,47.57,122.07,3,4,Recent Buyers / New,0,0.6385234899328859,jequie,BA,-13.859997996363877,-40.084668347299946,Bahia,10 days 18:53:22,14 days 04:31:19,not_late_victims,1241.345343927411,10.787060185185185,sangat_jauh,2,cicil,negative,1,0,0
00191a9719ef48ebb5860b130347bf33,2017-04-19 11:32:09,546,1,1,1,47.9,10.96,58.86,2,3,Lost / Hibernating,1,0.22881002087682675,jarinu,SP,-23.096492254601632,-46.71792466026417,São Paulo,15 days 02:48:51,18 days 09:26:02,not_late_victims,263.2229130990919,15.117256944444444,dekat,2,cicil,negative,1,0,0
001926cef41060fae572e2e7b30bd2a4,2017-08-17 12:55:47,426,2,1,1,48.79,42.42,91.21000000000001,3,4,About to Sleep,1,0.8694404591104735,nova canaa do norte,MT,-10.616297326127215,-55.81061910383138,Mato Grosso,7 days 07:52:19,20 days 03:02:24,not_late_victims,1483.5146599906536,7.327997685185185,sangat_jauh,1,tidak_cicil,neutral,0,1,0
001928b561575b2821c92254a2327d06,2018-08-24 21:17:00,53,5,1,1,136.89000000000001,27.919999999999998,164.81,4,2,Bad First Impression (New),1,0.2039593834465629,sao paulo,SP,-23.651083583404386,-46.71962633280197,São Paulo,6 days 00:02:24,10 days 02:27:20,not_late_victims,301.9718132050142,6.001666666666667,dekat,6,cicil,negative,1,0,0
00196c4c9a3af7dd2ad10eade69c926f,2018-07-28 09:29:12,81,5,1,1,22.32,15.26,37.58,1,5,Recent Buyers / New,0,0.6836917562724014,vinhedo,SP,-23.051345733230985,-46.989331530978724,São Paulo,13 days 15:19:07,7 days 02:05:35,not_late_victims,473.29105836704343,13.638275462962962,sedang,1,tidak_cicil,positive,0,0,1
00196fdb2bf9edfc35e88ebfbcf8d781,2018-02-22 19:06:44,236,3,1,1,12.9,14.1,27.0,1,3,About to Sleep,1,1.0930232558139534,canoas,RS,-29.925210672252355,-51.195190396991414,Rio Grande do Sul,28 days 02:53:27,-2 days +01:50:59,is_late_victims,841.8319583397381,28.12045138888889,jauh,1,tidak_cicil,negative,1,0,0
0019da6aa6bcb27cc32f1249bd12da05,2018-02-11 00:55:30,248,3,1,1,79.9,7.81,87.71000000000001,3,1,Bad First Impression (New),1,0.09774718397997496,limeira,SP,-22.555991404059693,-47.42206037839757,São Paulo,5 days 11:53:17,9 days 10:11:23,not_late_victims,158.51583721542764,5.495335648148148,dekat,1,tidak_cicil,negative,1,0,0
0019e8c501c85848ac0966d45226fa1d,2018-05-01 09:25:32,169,4,1,1,159.99,37.28,197.27,4,5,Recent Buyers / New,0,0.23301456341021312,cuiaba,MT,-15.608747432436557,-56.086287763025894,Mato Grosso,17 days 11:37:41,19 days 02:25:22,not_late_victims,1608.3804310768405,17.484502314814815,sangat_jauh,2,cicil,positive,0,0,1
001a2bf0e46c684031af91fb2bce149d,2017-06-29 22:43:49,474,1,1,1,24.88,11.85,36.73,1,4,Lost / Hibernating,1,0.4762861736334405,sao paulo,SP,-23.53401758945805,-46.56152031333655,São Paulo,3 days 09:31:29,17 days 15:33:20,not_late_victims,77.11996652888469,3.396863425925926,sangat_dekat,1,tidak_cicil,neutral,0,1,0
001a34eb30ecb8e3aacb07c475ca4dd1,2018-07-11 19:49:54,97,5,1,1,151.9,9.81,161.71,4,5,Recent Buyers / New,0,0.06458196181698486,sao paulo,SP,-23.606183740840486,-46.65931170929813,São Paulo,1 days 21:53:23,5 days 06:00:25,not_late_victims,86.80217566013003,1.9120717592592593,sangat_dekat,1,tidak_cicil,positive,0,0,1
001a3a8e11d76c9a366c31a4aa2cc529,2018-05-21 01:24:25,149,4,1,1,9.0,15.23,24.23,1,5,Recent Buyers / New,0,1.6922222222222223,porto alegre,RS,-30.077543451279457,-51.222800860649976,Rio Grande do Sul,17 days 15:38:47,6 days 06:43:19,not_late_victims,857.4464447968422,17.65193287037037,jauh,1,tidak_cicil,positive,0,0,1
001ae5a1788703d64536c30362503e49,2017-12-08 11:32:44,313,3,1,1,89.99,45.09,135.07999999999998,4,5,About to Sleep,1,0.5010556728525393,volta redonda,RJ,-22.495590042189036,-44.13603223794263,Rio de Janeiro,30 days 20:35:50,-1 days +00:46:47,is_late_victims,245.79733161849379,30.85821759259259,dekat,1,tidak_cicil,positive,0,0,1
001deb796b28a3a128d6113857569aa4,2018-06-22 16:07:29,117,5,1,1,39.9,23.43,63.33,2,4,Recent Buyers / New,0,0.587218045112782,rio de janeiro,RJ,-22.92275898098941,-43.246104027508025,Rio de Janeiro,10 days 07:12:11,35 days 01:31:55,not_late_victims,1012.634485901641,10.300127314814814,sangat_jauh,6,cicil,neutral,0,1,0
001f3c4211216384d5fe59b041ce1461,2017-03-19 18:34:36,576,1,1,1,24.88,10.96,35.84,1,3,Lost / Hibernating,1,0.44051446945337625,sao paulo,SP,-23.523590611508354,-46.44352739769452,São Paulo,10 days 13:06:59,10 days 16:18:25,not_late_victims,66.16066900374193,10.546516203703703,sangat_dekat,3,cicil,negative,1,0,0
002043098f10ba39a4600b6c52fbfe3c,2017-03-26 16:45:59,570,1,1,1,176.99,60.82,237.81,5,4,Lost / Hibernating,1,0.3436352336290186,aracaju,SE,-10.922406650065621,-37.05085280943781,Sergipe,23 days 16:36:49,15 days 14:20:57,not_late_victims,1710.4327818257852,23.692233796296296,sangat_jauh,4,cicil,neutral,0,1,0
002311514717ca8b65b09a26cdf7b91a,2018-06-27 11:34:34,112,5,1,1,116.25,8.07,124.32,3,5,Recent Buyers / New,0,0.06941935483870967,guarulhos,SP,-23.454433814037227,-46.52872503663371,São Paulo,1 days 06:29:06,17 days 05:33:33,not_late_victims,84.34621912879545,1.2702083333333334,sangat_dekat,2,cicil,positive,0,0,1
0023557a94bef0038066b5d1b3dc763e,2018-03-28 19:53:14,202,4,1,1,89.9,17.54,107.44,3,3,Recent Buyers / New,0,0.19510567296996661,potirendaba,SP,-21.045033707741553,-49.37615780505847,São Paulo,21 days 00:08:03,6 days 03:44:15,not_late_victims,456.99240094318833,21.005590277777777,sedang,2,cicil,negative,1,0,0
002471155ecd08d208d1376720e2a907,2018-08-08 20:36:30,69,5,1,1,68.9,23.28,92.18,3,5,Recent Buyers / New,0,0.3378809869375907,itajai,SC,-26.884074363503007,-48.70582801300172,Santa Catarina,7 days 22:51:27,10 days 04:18:27,not_late_victims,421.4544756340548,7.952395833333333,sedang,3,cicil,positive,0,0,1
00256bf7b05c08f6a5849df3d0a64f1f,2018-06-01 17:41:18,137,5,1,1,39.5,18.23,57.730000000000004,2,3,Recent Buyers / New,0,0.46151898734177216,sao paulo,SP,-23.583518010516418,-46.66697211332115,São Paulo,9 days 22:01:36,36 days 08:03:05,not_late_victims,608.8539388141988,9.917777777777777,jauh,1,tidak_cicil,negative,1,0,0
0025795df7a7d077c4c90162fa820085,2018-07-24 11:09:11,85,5,1,1,177.9,36.18,214.08,5,1,Bad First Impression (New),1,0.20337268128161887,sao paulo,SP,-23.45632474871195,-46.60109652657752,São Paulo,2 days 04:27:07,17 days 11:27:41,not_late_victims,31.818995278800983,2.1854976851851853,sangat_dekat,3,cicil,negative,1,0,0
0027324a96d26a2bc7d69262f83c8403,2018-03-25 11:51:37,206,4,1,1,37.9,8.88,46.78,1,5,Recent Buyers / New,0,0.23430079155672826,sao jose dos campos,SP,-23.179558233032942,-45.85510343437451,São Paulo,2 days 07:56:52,8 days 04:15:28,not_late_victims,78.89590155594102,2.3311574074074075,sangat_dekat,2,cicil,positive,0,0,1
0028a7d8db7b0247652509358ad8d755,2017-12-13 15:49:39,308,3,1,1,274.0,80.87,354.87,5,3,About to Sleep,1,0.29514598540145986,valinhos,SP,-22.947210194441976,-46.97742204543267,São Paulo,23 days 02:56:57,5 days 05:06:34,not_late_victims,362.9215967776167,23.122881944444444,sedang,1,tidak_cicil,negative,1,0,0
0028cfeb9dfcd3628a56d5b6400deef5,2018-01-07 00:12:45,283,3,1,1,95.9,22.3,118.2,3,5,About to Sleep,1,0.23253388946819603,serrana,SP,-21.208159120071993,-47.60162092584304,São Paulo,7 days 11:28:58,14 days 05:13:20,not_late_victims,252.6732344743907,7.478449074074074,dekat,1,tidak_cicil,positive,0,0,1
00293787e2aec37a9c253b63fdfe2049,2017-10-27 14:25:35,355,2,1,1,237.8,20.08,257.88,5,3,About to Sleep,1,0.08444070647603026,rio de janeiro,RJ,-22.883317935180692,-43.31951190668025,Rio de Janeiro,12 days 02:25:57,7 days 05:02:36,not_late_victims,805.0835597482106,12.101354166666667,jauh,1,tidak_cicil,negative,1,0,0
002aba8c1af80acacef6e011f9f23262,2018-02-27 12:47:48,232,3,1,1,199.9,17.84,217.74,5,1,Bad First Impression (New),1,0.08924462231115557,mangaratiba,RJ,-22.947798006321072,-44.01477821887254,Rio de Janeiro,57 days 06:35:57,-30 days +04:35:26,is_late_victims,707.3502180185243,57.27496527777778,jauh,3,cicil,negative,1,0,0
002ae492472e45ad6ebeb7a625409392,2017-10-08 23:56:02,373,2,1,1,103.98,114.68,218.66000000000003,5,3,About to Sleep,1,1.1029044046932102,brasilia,DF,-16.00753252066648,-47.991009763956775,Distrito Federal,10 days 18:49:49,13 days 04:55:51,not_late_victims,864.5579755144377,10.784594907407408,jauh,4,cicil,negative,1,0,0
002b4cd83fabaffaa475f78ea5ef3e08,2017-02-01 13:53:16,623,1,1,1,49.9,14.52,64.42,2,2,Bad First Impression (New),1,0.2909819639278557,sao sebastiao do paraiso,MG,-20.91395197058557,-46.98629619076701,Minas Gerais,8 days 19:27:37,27 days 14:27:07,not_late_victims,288.1195025032846,8.810844907407407,dekat,1,tidak_cicil,negative,1,0,0
002bdeb33da5b1b3ce8b9c822f749c82,2017-12-05 19:04:42,315,3,1,1,23.99,14.1,38.089999999999996,1,5,About to Sleep,1,0.5877448937057107,palhoca,SC,-27.636539573712753,-48.655489318243326,Santa Catarina,8 days 20:28:02,25 days 08:01:08,not_late_victims,491.1523312400278,8.852800925925926,sedang,1,tidak_cicil,positive,0,0,1
002cdf87d4c03f08f7eb4551a923affc,2017-10-31 17:32:22,350,2,1,1,196.99,31.68,228.67000000000002,5,1,Bad First Impression (New),1,0.16082034621046754,hortolandia,SP,-22.855032497056975,-47.213030019592104,São Paulo,30 days 01:32:47,-15 days +03:56:03,is_late_victims,111.39499431319376,30.06443287037037,sangat_dekat,10,cicil,negative,1,0,0
002d3bd901608f67c3fc11eaaa842b13,2018-01-15 18:39:36,274,3,1,1,19.49,9.27,28.759999999999998,1,4,About to Sleep,1,0.47562852744997436,santo andre,SP,-23.739452495644567,-46.49161359296361,São Paulo,5 days 11:04:59,7 days 09:18:28,not_late_victims,30.85699091106735,5.461793981481481,sangat_dekat,1,tidak_cicil,neutral,0,1,0
002d71b244beb91ca7030b15ab526446,2017-05-22 22:24:51,512,1,1,1,115.0,15.56,130.56,3,5,Lost / Hibernating,1,0.13530434782608697,santa cruz do rio pardo,SP,-22.896328480532986,-49.624240162468844,São Paulo,8 days 11:47:34,11 days 09:01:59,not_late_victims,480.17031204617973,8.49136574074074,sedang,1,tidak_cicil,positive,0,0,1
002da6dde369f6a8b4c999ed61eb5a87,2018-04-12 11:03:44,188,4,1,1,44.99,7.39,52.38,1,5,Recent Buyers / New,0,0.16425872416092463,sao paulo,SP,-23.627289256892848,-46.70094897060515,São Paulo,1 days 10:26:00,13 days 02:02:12,not_late_victims,8.112368241335133,1.4347222222222222,sangat_dekat,1,tidak_cicil,positive,0,0,1
002eb8b96288f3804e21d2777ac29895,2017-07-22 13:24:06,452,1,1,1,119.9,18.09,137.99,4,5,Lost / Hibernating,1,0.15087572977481234,betim,MG,-19.970787000501534,-44.17045327255078,Minas Gerais,12 days 08:42:17,11 days 01:42:26,not_late_victims,405.29295586842113,12.36269675925926,sedang,6,cicil,positive,0,0,1
002ef00822613c94613e60e03b169fef,2018-02-14 20:56:34,244,3,1,1,92.9,21.14,114.04,3,4,About to Sleep,1,0.22755651237890204,pitanga,PR,-24.75784641485761,-51.76595818161726,Paraná,7 days 21:50:48,17 days 04:37:19,not_late_victims,448.6194675159892,7.910277777777778,sedang,6,cicil,neutral,0,1,0
002feefec5af0a3b26ee7839c66d205e,2017-10-29 12:19:51,353,2,1,1,59.9,17.67,77.57,2,1,Bad First Impression (New),1,0.294991652754591,rio de janeiro,RJ,-22.935058480174078,-43.333594070428546,Rio de Janeiro,33 days 02:22:20,-11 days +07:42:25,is_late_victims,668.1114274808075,33.09884259259259,jauh,1,tidak_cicil,negative,1,0,0
003035f5ec76f2220098377482de93c9,2017-08-28 21:35:08,414,2,1,1,49.99,12.48,62.47,2,5,About to Sleep,1,0.2496499299859972,divinopolis,MG,-20.140359687801332,-44.884079632219006,Minas Gerais,6 days 21:24:03,10 days 04:50:20,not_late_victims,384.3728980582563,6.8917013888888885,sedang,3,cicil,positive,0,0,1
003162bf0351f47a1a247992b8b9b42d,2018-07-14 15:45:27,95,5,1,1,514.9,21.7,536.6,5,5,Recent Buyers / New,0,0.04214410565158283,serra,ES,-20.236215492570285,-40.27203665640389,Espírito Santo,9 days 02:21:16,9 days 05:43:28,not_late_victims,997.222834627087,9.098101851851851,sangat_jauh,10,cicil,positive,0,0,1
00324c9f4d710e7bac5c5ba679714430,2017-06-21 20:40:38,482,1,1,1,29.9,79.88,109.78,3,5,Lost / Hibernating,1,2.671571906354515,paraiso do tocantins,TO,-10.174506533679002,-48.888445237183845,Tocantins,12 days 18:52:11,16 days 08:12:38,not_late_victims,1483.0360732979836,12.786238425925927,sangat_jauh,7,cicil,positive,0,0,1
0032ca69771a7758ce643258bb9e4ac7,2018-07-16 15:32:50,93,5,1,1,45.0,17.45,62.45,2,5,Recent Buyers / New,0,0.3877777777777778,sao paulo,SP,-23.487614708512766,-46.60399102375177,São Paulo,6 days 20:56:06,8 days 11:18:37,not_late_victims,298.66404799202667,6.8722916666666665,dekat,2,cicil,positive,0,0,1
0033f4a2887e07e25aa1204d482f41ba,2018-06-26 01:07:23,113,5,1,1,350.0,75.04,425.04,5,5,Recent Buyers / New,0,0.2144,salvador,BA,-12.993950101682431,-38.46646071076196,Bahia,9 days 09:55:44,17 days 05:52:14,not_late_victims,1759.2820252023282,9.413703703703703,sangat_jauh,1,tidak_cicil,positive,0,0,1
0034c76b7e6a17d738375b99afc2f01e,2018-05-07 16:17:00,163,4,1,1,26.0,18.23,44.230000000000004,1,5,Recent Buyers / New,0,0.7011538461538461,paraisopolis,MG,-22.551533713566133,-45.77857277716529,Minas Gerais,7 days 23:52:23,12 days 06:11:15,not_late_victims,178.90199370307488,7.994710648148148,dekat,1,tidak_cicil,positive,0,0,1
0035029989e6fc5cf030918a5f9f2037,2018-05-12 14:28:16,158,4,1,1,438.0,108.12,546.12,5,5,Recent Buyers / New,0,0.24684931506849317,sao paulo,SP,-23.676569848880813,-46.669896904323316,São Paulo,5 days 05:07:00,11 days 04:01:31,not_late_victims,503.92301401643243,5.2131944444444445,sedang,1,tidak_cicil,positive,0,0,1
003650b504826ea534e02eba0ab58dd5,2018-01-17 12:03:01,273,3,1,1,13.99,7.78,21.77,1,4,About to Sleep,1,0.5561115082201573,sao paulo,SP,-23.678377766434167,-46.79756866766876,São Paulo,2 days 10:16:31,12 days 01:31:08,not_late_victims,37.720268766545466,2.428136574074074,sangat_dekat,2,cicil,neutral,0,1,0
0036a074f98b80c4f1fc33dbbcf9c552,2017-05-12 09:24:26,523,1,1,1,16.99,25.63,42.62,1,5,Lost / Hibernating,1,1.5085344320188347,santa rosa,RS,-27.865358274962087,-54.470127802309875,Rio Grande do Sul,13 days 13:49:30,13 days 07:20:10,not_late_victims,1208.0064878920298,13.576041666666667,sangat_jauh,1,tidak_cicil,positive,0,0,1
0036b4a3d09ad551a5188c2e374da402,2017-08-09 16:14:49,434,1,1,1,148.0,14.77,162.77,4,4,Lost / Hibernating,1,0.09979729729729729,maringa,PR,-23.41291430618596,-51.94203814434729,Paraná,6 days 22:24:32,12 days 09:05:17,not_late_victims,350.24539651238456,6.933703703703704,sedang,10,cicil,neutral,0,1,0
0036d365b138cc0ee06bed755bcb5044,2018-01-31 14:41:00,259,3,1,1,79.9,29.6,109.5,3,5,About to Sleep,1,0.37046307884856067,pindobacu,BA,-10.740203324663495,-40.37833401958889,Bahia,17 days 14:08:16,16 days 06:56:03,not_late_victims,1248.4797283505955,17.589074074074073,sangat_jauh,1,tidak_cicil,positive,0,0,1
00370dfde3d012c420d29657afc2fc8b,2018-01-29 12:54:38,261,3,1,1,215.0,22.0,237.0,5,4,About to Sleep,1,0.10232558139534884,candelaria,RS,-29.67044597567735,-52.78911852703207,Rio Grande do Sul,16 days 10:01:18,25 days 00:41:16,not_late_victims,928.2038904132897,16.417569444444446,sangat_jauh,1,tidak_cicil,neutral,0,1,0
00377a18050b898b93e2c774be9947db,2017-11-25 13:40:05,326,2,1,1,49.99,15.79,65.78,2,2,Bad First Impression (New),1,0.3158631726345269,cuiaba,MT,-15.617234435832986,-56.07769308038796,Mato Grosso,45 days 23:34:57,-15 days +10:34:37,is_late_victims,1341.0319051125123,45.98260416666667,sangat_jauh,1,tidak_cicil,negative,1,0,0
0037aa56b017c105c3a9d47af71fff98,2018-01-26 16:52:56,264,3,1,1,425.0,18.73,443.73,5,3,About to Sleep,1,0.04407058823529412,belo horizonte,MG,-19.822347132611856,-43.9978083683212,Minas Gerais,31 days 02:19:38,6 days 03:48:05,not_late_victims,520.2827857116173,31.09696759259259,sedang,2,cicil,negative,1,0,0
0037d2bbb9ebc39d9114aea27ee16d72,2017-03-27 12:24:28,569,1,1,1,119.9,23.83,143.73000000000002,4,5,Lost / Hibernating,1,0.19874895746455376,sao paulo,SP,-23.535783335551105,-46.6817146094127,São Paulo,7 days 10:00:16,50 days 07:17:17,not_late_victims,470.09696838845133,7.416851851851852,sedang,1,tidak_cicil,positive,0,0,1
0037eb1ff742ee2e71ba887f65f3c6f3,2017-07-13 09:00:21,461,1,1,1,199.0,29.79,228.79,5,5,Lost / Hibernating,1,0.14969849246231157,jaboatao dos guararapes,PE,-8.11143073661088,-34.96777017074162,Pernambuco,12 days 10:08:28,20 days 04:46:18,not_late_victims,2282.1444795475404,12.422546296296296,sangat_jauh,5,cicil,positive,0,0,1
003800162424b7b5b3d75c9cf22a66e7,2018-04-01 21:29:34,198,4,1,1,85.5,22.31,107.81,3,5,Recent Buyers / New,0,0.26093567251461985,feira de santana,BA,-12.204286816472047,-38.945165043029476,Bahia,3 days 01:49:48,20 days 00:41:14,not_late_victims,1491.5552887711158,3.07625,sangat_jauh,2,cicil,positive,0,0,1
00391594070baf8603f5fdc1d0c6a48c,2018-08-05 20:33:28,72,5,1,1,105.0,14.32,119.32,3,3,Recent Buyers / New,0,0.13638095238095238,aracatuba,SP,-21.227537006658547,-50.45588703268647,São Paulo,7 days 19:47:15,2 days 07:08:29,not_late_victims,479.707399576911,7.824479166666666,sedang,1,tidak_cicil,negative,1,0,0
003a5571a07dcf09bf117d13d2980ba3,2018-07-25 10:57:54,84,5,1,1,149.9,31.92,181.82,4,5,Recent Buyers / New,0,0.21294196130753837,salvador,BA,-12.971269306901323,-38.487835752230176,Bahia,13 days 10:58:55,13 days 01:55:52,not_late_victims,1617.8819832906674,13.45758101851852,sangat_jauh,2,cicil,positive,0,0,1
003a7a8eb096ed3cbf713d2def1ca701,2018-08-14 14:23:59,64,5,1,1,99.99,57.47,157.45999999999998,4,5,Recent Buyers / New,0,0.5747574757475747,sao domingos do maranhao,MA,-5.5822651212599395,-44.38091613660304,Maranhão,9 days 10:40:15,11 days 09:49:26,not_late_victims,1924.4765366606428,9.444618055555555,sangat_jauh,1,tidak_cicil,positive,0,0,1
003ac9408252444b489b1bfc013f5f8c,2018-03-16 17:56:52,214,4,1,1,18.75,18.23,36.980000000000004,1,5,Recent Buyers / New,0,0.9722666666666667,tapirai,SP,-23.963910485651006,-47.50544464465205,São Paulo,6 days 23:54:56,20 days 05:56:39,not_late_victims,251.56044002844,6.9964814814814815,dekat,1,tidak_cicil,positive,0,0,1
003ae409f37c3c30cb1c974af3a42692,2018-08-15 11:37:45,63,5,1,1,195.0,21.32,216.32,5,3,Recent Buyers / New,0,0.10933333333333334,lagoa santa,MG,-19.636520104484408,-43.89965142692265,Minas Gerais,11 days 02:37:41,2 days 02:52:09,not_late_victims,880.006677336938,11.109502314814815,sangat_jauh,1,tidak_cicil,negative,1,0,0
003c2067070f5b3d923235b1ea1cc17b,2018-08-06 16:01:58,72,5,1,1,109.7,37.68,147.38,4,3,Recent Buyers / New,0,0.34348222424794894,aiuaba,CE,-6.583338622041794,-40.13887446818398,Ceará,9 days 14:52:37,17 days 04:57:02,not_late_victims,2023.1444341011895,9.619872685185186,sangat_jauh,1,tidak_cicil,negative,1,0,0
003c457932a554e4df13834237b1ed00,2018-01-05 10:23:18,285,3,1,1,129.9,12.61,142.51,4,5,About to Sleep,1,0.09707467282525019,sorocaba,SP,-23.510538970251265,-47.45966978985545,São Paulo,2 days 16:06:43,14 days 05:45:21,not_late_victims,91.59271976413363,2.6713310185185186,sangat_dekat,1,tidak_cicil,positive,0,0,1
003d56767e53e08671de00da3fba8d40,2017-12-01 12:48:21,320,2,1,1,157.0,21.59,178.59,4,5,About to Sleep,1,0.13751592356687897,itajuba,MG,-22.41978504655855,-45.46752604011172,Minas Gerais,21 days 02:30:50,3 days 08:10:46,not_late_victims,238.95387843213038,21.10474537037037,dekat,8,cicil,positive,0,0,1
003db7adfcdc49857b095a50191b6c9d,2018-05-02 12:41:41,168,4,1,1,524.9,17.76,542.66,5,4,Recent Buyers / New,0,0.033835016193560684,suzano,SP,-23.5478173394453,-46.29562373495021,São Paulo,5 days 13:23:46,9 days 21:40:42,not_late_victims,375.18847362272794,5.558171296296297,sedang,10,cicil,neutral,0,1,0
003e28cb6fab8a0901bff9229612375f,2017-03-13 14:54:17,583,1,1,1,119.99,17.27,137.26,4,5,Lost / Hibernating,1,0.1439286607217268,curitiba,PR,-25.38598499193811,-49.24450850596206,Paraná,3 days 19:54:24,18 days 13:11:19,not_late_victims,672.132136994535,3.8294444444444444,jauh,1,tidak_cicil,positive,0,0,1
003e2af81ea3c72fbdd093f07724a4de,2018-04-16 20:59:52,183,4,1,1,48.0,15.74,63.74,2,4,Recent Buyers / New,0,0.3279166666666667,sao paulo,SP,-23.47418698892084,-46.636393838272056,São Paulo,1 days 20:12:08,14 days 05:37:30,not_late_victims,62.13306492008406,1.8417592592592593,sangat_dekat,2,cicil,neutral,0,1,0
003fb95e849e71e732629d94bb92762f,2018-07-30 10:37:15,79,5,1,1,57.99,19.6,77.59,2,5,Recent Buyers / New,0,0.3379893085014658,bebedouro,SP,-20.924599508487425,-48.49059077246631,São Paulo,5 days 06:20:17,12 days 06:08:22,not_late_victims,693.6104180974633,5.264085648148148,jauh,4,cicil,positive,0,0,1
003fee4ca17927283128c7ddc6f9311b,2018-05-08 13:08:34,162,4,1,1,85.0,18.47,103.47,3,3,Recent Buyers / New,0,0.2172941176470588,nova friburgo,RJ,-22.28479683466109,-42.531654096775355,Rio de Janeiro,29 days 15:25:31,-14 days +04:39:06,is_late_victims,440.1555947700572,29.642719907407407,sedang,1,tidak_cicil,negative,1,0,0
004177f7bf62929186b32c7fdaa6157b,2017-10-19 16:07:11,363,2,1,1,393.98,40.0,433.98,5,1,Bad First Impression (New),1,0.10152799634499213,rio de janeiro,RJ,-22.935058480174078,-43.333594070428546,Rio de Janeiro,16 days 13:43:00,28 days 07:11:07,not_late_victims,315.96157309534675,16.571527777777778,dekat,1,tidak_cicil,negative,1,0,0
004256f082951ec189a4962b6788c214,2018-03-23 11:37:58,208,4,1,1,245.0,14.15,259.15,5,5,Recent Buyers / New,0,0.057755102040816325,sao paulo,SP,-23.536950407426133,-46.65925589278497,São Paulo,12 days 03:38:08,6 days 07:32:10,not_late_victims,74.83056968232084,12.15148148148148,sangat_dekat,1,tidak_cicil,positive,0,0,1
004288347e5e88a27ded2bb23747066c,2018-01-14 07:36:54,276,3,2,2,317.89,36.480000000000004,354.37,5,5,Loyal Customers,0,0.11475667683789992,nova iguacu,RJ,-22.758405694137398,-43.442957719272016,Rio de Janeiro,6 days 20:13:13,13 days 07:33:06,not_late_victims,326.95216707767787,6.8425115740740745,dekat,2,cicil,positive,0,0,2
0042dcca0ae57aaec6e808edc31a2d48,2017-12-02 12:02:34,319,2,1,1,69.8,15.24,85.03999999999999,2,4,About to Sleep,1,0.2183381088825215,maceio,AL,-9.581009992695625,-35.75773253064127,Alagoas,13 days 06:26:56,24 days 05:12:38,not_late_victims,861.8129893938575,13.268703703703704,jauh,3,cicil,neutral,0,1,0
0042dfa8925d6eb23e471ec350454f04,2018-07-25 18:33:29,83,5,1,1,49.9,13.01,62.91,2,5,Recent Buyers / New,0,0.26072144288577154,sumare,SP,-22.81799186292258,-47.24110126411868,São Paulo,7 days 19:56:33,5 days 09:18:13,not_late_victims,440.1109800571625,7.8309375,sedang,1,tidak_cicil,positive,0,0,1
0043d65f8039b4a4d43bc7b0f450ac2c,2017-04-20 12:57:14,545,1,1,1,49.9,14.52,64.42,2,5,Lost / Hibernating,1,0.2909819639278557,belo horizonte,MG,-19.95806136130547,-43.97891108299589,Minas Gerais,8 days 21:02:22,12 days 13:46:47,not_late_victims,472.91933658964643,8.876643518518518,sedang,3,cicil,positive,0,0,1
00444f48f6c9b55657e49435ce3a97ca,2017-06-09 16:15:38,495,1,1,1,39.9,12.48,52.379999999999995,1,4,Lost / Hibernating,1,0.31278195488721805,uberlandia,MG,-18.8916159627286,-48.289815516376116,Minas Gerais,9 days 23:52:06,10 days 07:37:40,not_late_victims,471.59807399254527,9.99451388888889,sedang,4,cicil,neutral,0,1,0
00446a03d7a34d191507c9e42870d0a5,2017-03-06 20:08:47,589,1,1,1,109.9,19.05,128.95000000000002,3,5,Lost / Hibernating,1,0.17333939945404914,sao paulo,SP,-23.479332643151153,-46.575940355471346,São Paulo,6 days 14:41:51,13 days 12:55:07,not_late_victims,240.197431063418,6.612395833333333,dekat,8,cicil,positive,0,0,1
0045e9ad4d6c85d2323a7ab374b76183,2018-06-19 23:13:23,119,5,1,1,5.9,18.23,24.130000000000003,1,5,Recent Buyers / New,0,3.0898305084745763,barbacena,MG,-21.227355100370914,-43.77268466098553,Minas Gerais,6 days 12:39:54,18 days 07:41:18,not_late_victims,390.5245260364461,6.527708333333333,sedang,1,tidak_cicil,positive,0,0,1
0046311f458d8041b00063cb99482903,2017-08-01 19:24:31,441,1,1,1,95.9,16.43,112.33000000000001,3,5,Lost / Hibernating,1,0.17132429614181438,sao paulo,SP,-23.56118590462289,-46.461300810486975,São Paulo,99 days 21:58:37,-79 days +05:51:06,is_late_victims,266.5298120150939,99.91570601851852,dekat,4,cicil,positive,0,0,1
0047f3e16441284d757a8963344f6c59,2017-08-28 10:29:48,415,2,1,1,60.0,16.18,76.18,2,4,About to Sleep,1,0.26966666666666667,lencois paulista,SP,-22.59365074826412,-48.799662311412945,São Paulo,9 days 12:19:06,8 days 00:55:42,not_late_victims,590.9722195053447,9.513263888888888,jauh,1,tidak_cicil,neutral,0,1,0
0048706e497cfba0b689e1e3497bc99e,2018-08-15 16:54:26,63,5,1,1,69.5,13.15,82.65,2,4,Recent Buyers / New,0,0.18920863309352517,jaboticabal,SP,-21.25717364466399,-48.32096387334476,São Paulo,4 days 22:45:28,3 days 08:04:16,not_late_victims,126.29831250864628,4.948240740740741,dekat,3,cicil,neutral,0,1,0
0048a779a98a7848514096ff04046079,2018-08-08 12:22:24,70,5,1,1,21.7,19.34,41.04,1,5,Recent Buyers / New,0,0.8912442396313365,contagem,MG,-19.911495501326844,-44.07416254433933,Minas Gerais,6 days 09:51:26,7 days 01:33:18,not_late_victims,413.7819425952921,6.410717592592593,sedang,2,cicil,positive,0,0,1
0049a16516d38fc2246696172a257f16,2017-12-29 11:04:22,292,3,1,1,24.99,7.78,32.769999999999996,1,5,About to Sleep,1,0.3113245298119248,sao paulo,SP,-23.482199714556256,-46.68958779044411,São Paulo,7 days 06:49:59,12 days 05:53:35,not_late_victims,17.786474844035702,7.284710648148148,sangat_dekat,3,cicil,positive,0,0,1
0049dadc30da6a277c1e9d371df5a66f,2017-06-13 19:49:59,490,1,1,1,9.9,16.11,26.009999999999998,1,3,Lost / Hibernating,1,1.6272727272727272,brasilia,DF,-15.784431863233904,-47.917045573510414,Distrito Federal,21 days 19:35:55,0 days 08:18:23,not_late_victims,736.0588997550609,21.816608796296297,jauh,1,tidak_cicil,negative,1,0,0
0049db44bfd6cee26ac9c649329ff6ea,2017-03-07 13:28:55,589,1,1,1,80.0,29.04,109.03999999999999,3,2,Bad First Impression (New),1,0.363,piracicaba,SP,-22.73595274251212,-47.61839862005819,São Paulo,13 days 12:11:26,6 days 22:05:16,not_late_victims,514.7190965588975,13.507939814814815,sedang,1,tidak_cicil,negative,1,0,0
0049ec2d7a5818d0e4b3f4735cec2458,2018-07-19 08:17:29,90,5,1,1,25.9,18.28,44.18,1,5,Recent Buyers / New,0,0.7057915057915058,londrina,PR,-23.35560135374003,-51.13880600777133,Paraná,7 days 10:20:18,10 days 04:54:27,not_late_victims,459.42784629797734,7.4307638888888885,sedang,1,tidak_cicil,positive,0,0,1
004a432489f6630c6dfd3fc4454603f5,2017-12-16 09:25:10,305,3,1,1,69.77,14.24,84.00999999999999,2,5,About to Sleep,1,0.20409918302995558,curitiba,PR,-25.47926849511713,-49.279852063631864,Paraná,8 days 09:29:39,15 days 04:52:53,not_late_victims,360.6821273875423,8.395590277777778,sedang,1,tidak_cicil,positive,0,0,1
004b45ec5c64187465168251cd1c9c2f,2018-05-26 19:42:48,143,4,1,1,27.0,22.85,49.85,1,5,Recent Buyers / New,0,0.8462962962962963,maceio,AL,-9.656989321235258,-35.70666800920401,Alagoas,21 days 13:34:03,21 days 06:54:37,not_late_victims,1931.4765210314144,21.5653125,sangat_jauh,1,tidak_cicil,positive,0,0,1
004b9b1634b7becda8eec4e96bced882,2018-08-05 12:32:31,73,5,1,1,134.99,23.75,158.74,4,5,Recent Buyers / New,0,0.175938958441366,santo andre,SP,-23.629487050309788,-46.52414775441366,São Paulo,4 days 15:09:27,4 days 04:25:09,not_late_victims,720.9367812708662,4.6315625,jauh,1,tidak_cicil,positive,0,0,1
004d17fa2cb102a7c4817f040c884e59,2018-02-13 07:17:20,246,3,1,1,32.0,7.78,39.78,1,5,About to Sleep,1,0.243125,sao paulo,SP,-23.59623345091977,-46.73045208091811,São Paulo,2 days 14:22:43,13 days 02:06:59,not_late_victims,15.011080039890984,2.599108796296296,sangat_dekat,1,tidak_cicil,positive,0,0,1
004df63539fd5e38d4b0a0506de7549c,2018-07-16 13:30:06,93,5,1,1,949.99,43.56,993.55,5,3,Recent Buyers / New,0,0.045853114243307826,castanhal,PA,-1.2849813710764535,-47.92708937518956,Pará,10 days 01:51:27,20 days 08:23:20,not_late_victims,2395.8727484132746,10.077395833333334,sangat_jauh,10,cicil,negative,1,0,0
004ed862ea4e55f18868d3d782d10879,2017-08-06 20:34:10,436,1,1,1,94.9,14.39,109.29,3,3,Lost / Hibernating,1,0.15163329820864066,sao bernardo do campo,SP,-23.706316018037793,-46.556956230405845,São Paulo,2 days 19:19:13,18 days 00:45:31,not_late_victims,165.32256790971465,2.805011574074074,dekat,1,tidak_cicil,negative,1,0,0
004f84d065096f3cedd26cf0adc80b9d,2018-04-25 23:17:16,174,4,1,1,159.98,29.1,189.07999999999998,4,4,Recent Buyers / New,0,0.18189773721715216,campinas,SP,-22.93942997754596,-47.05945875329188,São Paulo,14 days 20:18:27,7 days 04:11:09,not_late_victims,93.31036326130662,14.846145833333333,sangat_dekat,8,cicil,neutral,0,1,0
00504b68faa074d0f40adcb4f7727f71,2018-08-11 23:17:37,66,5,1,1,152.0,46.7,198.7,4,3,Recent Buyers / New,0,0.3072368421052632,mendes,RJ,-22.526046307478865,-43.73322381234702,Rio de Janeiro,5 days 15:08:25,30 days 09:21:24,not_late_victims,786.846202690591,5.630844907407408,jauh,3,cicil,negative,1,0,0
0050dcff37f8b9ff611d245e30572b46,2018-05-02 08:44:43,168,4,1,1,49.99,18.23,68.22,2,5,Recent Buyers / New,0,0.36467293458691735,santiago,RS,-29.186543626128145,-54.867516055696015,Rio Grande do Sul,13 days 07:13:50,21 days 07:31:23,not_late_victims,1089.7230788679667,13.301273148148148,sangat_jauh,1,tidak_cicil,positive,0,0,1
00522457bba00bba576a34fd9b4808fd,2017-04-01 13:40:12,564,1,1,1,103.97,24.01,127.98,3,5,Lost / Hibernating,1,0.23093199961527366,sao paulo,SP,-23.490333607900936,-46.62712160939033,São Paulo,9 days 04:04:58,13 days 06:04:45,not_late_victims,410.40417435967356,9.17011574074074,sedang,2,cicil,positive,0,0,1
005226be8d5b972d0f72b4e8a79f322b,2018-04-01 22:07:00,198,4,1,1,1561.0,39.51,1600.51,5,5,Recent Buyers / New,0,0.025310698270339525,rio de janeiro,RJ,-22.954408685481415,-43.185650031057385,Rio de Janeiro,4 days 18:34:50,18 days 07:15:33,not_late_victims,63.41409032814303,4.7741898148148145,sangat_dekat,10,cicil,positive,0,0,1
00539155ce68fbe677934aebdb17e09b,2018-04-29 09:34:52,171,4,1,1,48.99,9.26,58.25,2,4,Recent Buyers / New,0,0.1890181669728516,sao paulo,SP,-23.553641778735507,-46.452661287455555,São Paulo,3 days 11:21:51,6 days 02:43:08,not_late_victims,149.91019029280022,3.4735069444444444,dekat,1,tidak_cicil,neutral,0,1,0
00543330561a9088f8b3879114a7b008,2017-11-24 15:02:09,327,2,1,1,56.0,17.96,73.96000000000001,2,5,About to Sleep,1,0.32071428571428573,esplanada,BA,-11.797063477493758,-37.947646687658995,Bahia,11 days 21:07:12,20 days 09:20:57,not_late_victims,1476.829862756236,11.88,sangat_jauh,1,tidak_cicil,positive,0,0,1
0055b522bc89cbfbf376d8b59a628470,2017-03-03 15:48:57,593,1,1,1,328.0,36.75,364.75,5,5,Lost / Hibernating,1,0.11204268292682927,fortaleza,CE,-3.766373874389561,-38.513336063964125,Ceará,12 days 08:27:19,21 days 08:47:28,not_late_victims,3195.873526544491,12.35230324074074,sangat_jauh,1,tidak_cicil,positive,0,0,1
0055bbb9c95f6acb8db89d1f6c316407,2018-02-14 09:43:06,245,3,1,1,68.0,15.23,83.23,2,5,About to Sleep,1,0.22397058823529412,criciuma,SC,-28.666517236245237,-49.383644285019926,Santa Catarina,18 days 10:57:28,6 days 08:51:16,not_late_victims,635.3099098628917,18.456574074074073,jauh,1,tidak_cicil,positive,0,0,1
0056c2dd794a5eede6164dcae635875a,2018-08-08 21:52:09,69,5,1,1,129.99,41.89,171.88,4,5,Recent Buyers / New,0,0.32225555811985535,pirapora,MG,-17.340845395897375,-44.933534144970096,Minas Gerais,7 days 13:33:29,9 days 12:41:19,not_late_victims,714.1007590658834,7.5649189814814815,jauh,6,cicil,positive,0,0,1
0056f26cb8f20916c3baa0e39fc30709,2018-03-31 10:38:18,200,4,1,1,92.9,16.33,109.23,3,5,Recent Buyers / New,0,0.17578040904198058,osasco,SP,-23.53325761928266,-46.813092215922886,São Paulo,9 days 11:11:27,8 days 01:21:25,not_late_victims,286.04271287054786,9.466284722222222,dekat,3,cicil,positive,0,0,1
005754cb59f8ee5cdbb5cda9d138757e,2018-07-21 11:39:34,88,5,1,1,220.64,37.74,258.38,5,5,Recent Buyers / New,0,0.17104786076867298,macae,RJ,-22.373834700585952,-41.78067437668943,Rio de Janeiro,11 days 08:04:09,11 days 04:05:35,not_late_victims,559.0146029119718,11.336215277777777,jauh,4,cicil,positive,0,0,1
00575b2023dedcc0f3e81a938834689b,2017-11-04 20:24:52,346,2,1,1,19.9,12.48,32.379999999999995,1,4,About to Sleep,1,0.6271356783919598,nossa senhora das gracas,PR,-22.914073517756407,-51.797181091346296,Paraná,14 days 10:56:05,2 days 05:33:14,not_late_victims,58.81075619572875,14.455613425925925,sangat_dekat,1,tidak_cicil,neutral,0,1,0
0057f64bff87f4698b4cbd338d62a2a8,2018-08-21 10:47:37,57,5,1,1,75.07,7.79,82.86,2,4,Recent Buyers / New,0,0.10376981483948317,sao paulo,SP,-23.48283670260179,-46.66889674438225,São Paulo,1 days 05:53:45,1 days 06:55:53,not_late_victims,13.540004912784491,1.2456597222222223,sangat_dekat,3,cicil,neutral,0,1,0
0058e7db269cc11558913b42beb115d0,2018-05-18 13:51:15,152,4,1,1,70.0,8.88,78.88,2,4,Recent Buyers / New,0,0.12685714285714286,campinas,SP,-22.912451674236532,-47.04911549910744,São Paulo,4 days 17:18:19,6 days 03:42:52,not_late_victims,34.96287938720441,4.721053240740741,sangat_dekat,1,tidak_cicil,neutral,0,1,0
0058f300f57d7b93c477a131a59b36c3,2018-03-22 18:09:41,208,4,1,1,72.58,23.44,96.02,3,5,Recent Buyers / New,0,0.3229539818131717,salvador,BA,-12.914614302936148,-38.42055012344412,Bahia,13 days 04:37:59,11 days 00:54:03,not_late_victims,1324.131503713049,13.193043981481482,sangat_jauh,1,tidak_cicil,positive,0,0,1
0059acd36094bf670ec8b21be6c0044c,2017-06-12 21:48:33,491,1,1,1,29.9,16.79,46.69,1,5,Lost / Hibernating,1,0.5615384615384615,cachoeira de minas,MG,-22.355813970805112,-45.78233456696949,Minas Gerais,8 days 12:58:39,14 days 08:35:40,not_late_victims,690.0385407735317,8.540729166666667,jauh,1,tidak_cicil,positive,0,0,1
005d8faa4cf789cf52fb880a8569880a,2018-05-11 09:36:15,159,4,1,1,79.99,9.26,89.25,3,5,Recent Buyers / New,0,0.11576447055881986,brasilia,DF,-15.825763628129286,-48.082298119524104,Distrito Federal,5 days 19:25:54,10 days 01:18:54,not_late_victims,860.5664023037572,5.809652777777778,jauh,1,tidak_cicil,positive,0,0,1
005e32bc930906dc6b65fb9d11cce3e2,2017-09-03 21:48:38,408,2,1,1,32.0,17.6,49.6,1,5,About to Sleep,1,0.55,picada cafe,RS,-29.444505592178658,-51.13237861130522,Rio Grande do Sul,8 days 23:00:47,27 days 02:54:56,not_late_victims,856.8968305513447,8.958877314814815,jauh,4,cicil,positive,0,0,1
005ee3e015ec18092d7782e507cf68fe,2017-10-01 09:57:51,381,2,1,1,159.99,27.97,187.96,4,4,About to Sleep,1,0.174823426464154,rio branco,AC,-10.02102061400725,-67.80168027994576,Acre,15 days 18:22:08,29 days 03:04:22,not_late_victims,2693.2935806174414,15.76537037037037,sangat_jauh,4,cicil,neutral,0,1,0
005f060d4223956c62b64e9567a36f0f,2018-05-22 22:36:54,147,4,1,1,689.0,88.68,777.6800000000001,5,3,Recent Buyers / New,0,0.12870827285921627,jundiai,SP,-23.189420416902372,-46.921573347175126,São Paulo,14 days 22:02:41,1 days 03:01:13,not_late_victims,242.70655447634826,14.918530092592592,dekat,8,cicil,negative,1,0,0
005f4b46e70bbd3295a38e2fd28d6566,2017-11-02 14:26:59,349,2,1,1,49.8,14.1,63.9,2,4,About to Sleep,1,0.28313253012048195,rio de janeiro,RJ,-22.915669330916135,-43.2252134823305,Rio de Janeiro,5 days 04:50:31,15 days 04:23:13,not_late_victims,351.1153216877696,5.201747685185185,sedang,1,tidak_cicil,neutral,0,1,0
005f6fa02633470267dcd1e3ecd0fa79,2018-07-27 12:38:21,82,5,1,1,199.99,72.05,272.04,5,5,Recent Buyers / New,0,0.36026801340067,matao,SP,-21.6048047700843,-48.36556109601182,São Paulo,5 days 01:14:25,20 days 09:55:24,not_late_victims,362.0029433653845,5.051678240740741,sedang,4,cicil,positive,0,0,1
005ff4ebe100db3eebbe6f7b19a8f99a,2017-09-13 15:10:21,399,2,1,1,199.9,36.91,236.81,5,5,About to Sleep,1,0.18464232116058027,sao paulo,SP,-23.607991705310166,-46.430749600583695,São Paulo,10 days 19:06:59,3 days 06:27:22,not_late_victims,145.65688398607216,10.796516203703703,dekat,4,cicil,positive,0,0,1
006031108b00e5f73b2426a50b50f9c0,2017-09-03 09:52:30,409,2,1,1,189.9,14.93,204.83,4,5,About to Sleep,1,0.07862032648762506,sao paulo,SP,-23.554793872613402,-46.64961491794625,São Paulo,4 days 09:38:32,9 days 04:16:31,not_late_victims,8.308533950177772,4.40175925925926,sangat_dekat,10,cicil,positive,0,0,1
00605a8897ed9ad73b5c93bebad2541a,2018-03-25 20:19:03,205,4,1,1,12.9,18.23,31.130000000000003,1,5,Recent Buyers / New,0,1.4131782945736433,campos dos goytacazes,RJ,-21.803761982979147,-41.302089143920995,Rio de Janeiro,32 days 22:28:48,-12 days +04:55:42,is_late_victims,566.9918924000285,32.93666666666667,jauh,1,tidak_cicil,positive,0,0,1
00626f29f9b57d3ef7c1739ff03e944e,2018-04-11 11:42:25,189,4,1,1,129.0,25.53,154.53,4,5,Recent Buyers / New,0,0.19790697674418606,teresina,PI,-5.070480880322781,-42.78958969816073,Piauí,16 days 12:14:39,9 days 23:54:30,not_late_victims,2107.47477076408,16.51017361111111,sangat_jauh,1,tidak_cicil,positive,0,0,1
0062adafa3846d9f372d8f1bde591b24,2018-02-24 20:43:42,234,3,1,1,135.9,13.97,149.87,4,5,About to Sleep,1,0.10279617365710081,sao paulo,SP,-23.500312073464766,-46.64407821290554,São Paulo,14 days 21:00:03,1 days 22:28:50,not_late_victims,277.2334706825714,14.875034722222223,dekat,1,tidak_cicil,positive,0,0,1
0063817060d662048ed08bccecaf45d5,2018-01-12 09:26:20,278,3,1,1,37.8,33.58,71.38,2,5,About to Sleep,1,0.8883597883597883,matupa,MT,-10.144574145793701,-54.8697929592983,Mato Grosso,13 days 17:18:39,18 days 04:32:07,not_late_victims,1737.4398192146714,13.721284722222222,sangat_jauh,1,tidak_cicil,positive,0,0,1
0064a1b5f5cddd047c987b988a90c8c1,2018-03-02 08:33:32,229,3,1,1,215.6,53.6,269.2,5,5,About to Sleep,1,0.24860853432282004,marilia,SP,-22.179141091683242,-49.95694812195039,São Paulo,11 days 10:42:38,5 days 10:27:49,not_late_victims,163.52302475982384,11.446273148148148,dekat,1,tidak_cicil,positive,0,0,1
0064c96f536ac6250275482221834154,2018-06-20 22:51:17,118,5,1,1,52.66,12.67,65.33,2,4,Recent Buyers / New,0,0.24060007595898217,santana de parnaiba,SP,-23.47370268623455,-46.89651272307869,São Paulo,8 days 16:30:08,16 days 05:51:06,not_late_victims,30.397611772463968,8.687592592592592,sangat_dekat,1,tidak_cicil,neutral,0,1,0
00651d97d964127ccfc0e2e55464876d,2018-02-26 16:49:57,233,3,1,1,15.0,8.72,23.72,1,1,Bad First Impression (New),1,0.5813333333333334,campinas,SP,-22.94626727954731,-47.05049823985393,São Paulo,3 days 14:23:57,9 days 04:05:08,not_late_victims,78.08478546359343,3.5999652777777778,sangat_dekat,1,tidak_cicil,negative,1,0,0
0065f6fb341f013a95a8e11cdc98d07a,2017-10-09 14:50:32,373,2,1,1,89.9,29.42,119.32000000000001,3,4,About to Sleep,1,0.32725250278086765,sao paulo,SP,-23.72548035188383,-46.67852717658196,São Paulo,10 days 21:28:19,5 days 11:17:08,not_late_victims,310.7328992553986,10.894664351851851,dekat,2,cicil,neutral,0,1,0
0065f7795a38381973a373c8b4939679,2018-07-07 20:53:52,101,5,1,1,15.99,15.23,31.22,1,4,Recent Buyers / New,0,0.9524702939337086,porto alegre,RS,-30.018298859705798,-51.12547951200409,Rio Grande do Sul,4 days 23:53:04,19 days 03:01:21,not_late_victims,843.4061864914338,4.995185185185186,jauh,1,tidak_cicil,neutral,0,1,0
0066b328e72fd82fd7420bf849c0e8b4,2017-09-04 14:01:22,408,2,1,1,84.94,9.41,94.35,3,4,About to Sleep,1,0.11078408288203438,osasco,SP,-23.536401844867527,-46.79599574353978,São Paulo,6 days 10:47:07,3 days 09:02:34,not_late_victims,17.73580625378119,6.449386574074074,sangat_dekat,1,tidak_cicil,neutral,0,1,0
0067d2652c12515146721538868bbd80,2018-06-19 12:00:08,120,5,1,1,169.9,20.38,190.28,4,5,Recent Buyers / New,0,0.11995291347851676,blumenau,SC,-26.993605353660808,-49.08613825953249,Santa Catarina,13 days 07:06:09,15 days 04:35:20,not_late_victims,462.0857100468183,13.2959375,sedang,1,tidak_cicil,positive,0,0,1
0068bd2e9e76c018846dbc6e2bec5ac5,2018-06-26 12:20:15,113,5,1,1,59.9,19.61,79.50999999999999,2,5,Recent Buyers / New,0,0.32737896494156926,sao paulo,SP,-23.578207852743585,-46.5185028363609,São Paulo,6 days 09:48:46,20 days 01:55:45,not_late_victims,466.4629005156469,6.40886574074074,sedang,1,tidak_cicil,positive,0,0,1
006a8c1784d622ebe06bab57e72ee045,2017-11-25 16:36:13,326,2,1,1,49.0,17.64,66.64,2,2,Bad First Impression (New),1,0.36,rio de janeiro,RJ,-22.914390650925082,-43.24569874883489,Rio de Janeiro,31 days 16:34:36,-12 days +03:52:49,is_late_victims,675.842268666343,31.690694444444443,jauh,1,tidak_cicil,negative,1,0,0
006ab6f5e82340e927757563a9fbe7e4,2017-12-02 11:18:55,319,2,1,1,267.2,33.4,300.59999999999997,5,1,Bad First Impression (New),1,0.125,nova iguacu,RJ,-22.712261582859313,-43.43397796646818,Rio de Janeiro,52 days 07:00:10,-13 days +05:21:23,is_late_victims,565.3893051379168,52.29178240740741,jauh,3,cicil,negative,1,0,0
006bbb235068a01d2e3e47fa09ccf53c,2018-02-15 19:02:19,243,3,1,1,19.9,14.1,34.0,1,5,About to Sleep,1,0.7085427135678393,brasilia,DF,-15.75291303038017,-47.88488502914179,Distrito Federal,18 days 16:45:17,6 days 03:26:52,not_late_victims,905.641261833373,18.698113425925925,sangat_jauh,1,tidak_cicil,positive,0,0,1
006c10bfead12ac8d90486fb4ce4e603,2018-06-14 23:41:56,124,5,1,1,67.99,9.23,77.22,2,5,Recent Buyers / New,0,0.13575525812619504,sao bernardo do campo,SP,-23.710466484131672,-46.548939650481294,São Paulo,3 days 13:32:39,7 days 10:28:53,not_late_victims,15.891015193355733,3.5643402777777777,sangat_dekat,1,tidak_cicil,positive,0,0,1
006d763076d74d16d66e828e79ec1544,2017-08-05 10:22:53,438,1,1,1,79.9,19.42,99.32000000000001,3,5,Lost / Hibernating,1,0.24305381727158948,montes claros,MG,-16.721976101453777,-43.86291363894473,Minas Gerais,9 days 12:16:59,10 days 01:07:46,not_late_victims,524.8973576506959,9.511793981481482,sedang,9,cicil,positive,0,0,1
006e937bd5a5e32043018a6d1521b5d5,2017-12-10 20:02:21,310,3,1,1,189.9,9.89,199.79000000000002,4,5,About to Sleep,1,0.05208004212743549,salvador,BA,-12.884408732859791,-38.47354696400903,Bahia,3 days 02:24:10,19 days 01:21:21,not_late_victims,14.738189203424046,3.100115740740741,sangat_dekat,2,cicil,positive,0,0,1
006ec5b170182812131c7d9b219c036f,2017-10-16 12:55:19,366,2,1,1,44.98,16.79,61.769999999999996,2,5,About to Sleep,1,0.3732770120053357,divinopolis,MG,-20.140359687801332,-44.884079632219006,Minas Gerais,4 days 04:14:36,19 days 06:31:09,not_late_victims,869.2900299946551,4.176805555555555,jauh,1,tidak_cicil,positive,0,0,1
006f2f20cf0cd723624b99d0e8e40d0c,2018-02-10 20:45:36,248,3,1,1,29.99,16.11,46.099999999999994,1,5,About to Sleep,1,0.5371790596865622,curitiba,PR,-25.539419304830496,-49.278123419246675,Paraná,12 days 01:31:24,13 days 01:32:49,not_late_victims,288.402889748653,12.063472222222222,dekat,1,tidak_cicil,positive,0,0,1
00704e915ae0d4a236eace0267454cf9,2017-07-31 23:07:11,442,1,1,1,108.9,14.49,123.39,3,4,Lost / Hibernating,1,0.13305785123966943,sabara,MG,-19.862878760675365,-43.86066985886877,Minas Gerais,8 days 16:45:09,7 days 04:19:44,not_late_victims,358.7003056408277,8.698020833333333,sedang,1,tidak_cicil,neutral,0,1,0
00705dcbc0b9cad67abd658612770905,2018-08-10 16:55:53,68,5,1,1,39.49,8.44,47.93,1,5,Recent Buyers / New,0,0.21372499366928335,sao paulo,SP,-23.531641584683715,-46.656288753249086,São Paulo,4 days 00:21:25,1 days 06:33:18,not_late_victims,132.78358974192105,4.0148726851851855,dekat,2,cicil,positive,0,0,1
00720f160ff500d3605a1bf403eb62d9,2018-05-19 08:29:57,151,4,1,1,104.9,13.64,118.54,3,5,Recent Buyers / New,0,0.13002859866539562,jundiai,SP,-23.18605172347782,-46.88591474647437,São Paulo,9 days 07:44:29,6 days 07:15:11,not_late_victims,56.495620971910995,9.322557870370371,sangat_dekat,2,cicil,positive,0,0,1
00728bae3dec9c16b2193ab7e3195eb7,2018-01-14 23:22:38,275,3,1,1,194.9,16.11,211.01,5,5,About to Sleep,1,0.08265777321703437,paty do alferes,RJ,-22.420957055962976,-43.421068368395325,Rio de Janeiro,31 days 18:38:11,0 days 05:50:18,not_late_victims,397.5878592105141,31.776516203703704,sedang,3,cicil,positive,0,0,1
00737247e3dc1942da2c527ef3bd2709,2018-03-24 12:25:44,207,4,1,1,59.9,18.3,78.2,2,1,Bad First Impression (New),1,0.3055091819699499,vespasiano,MG,-19.731097253636868,-43.94146568879755,Minas Gerais,26 days 06:09:20,-4 days +05:15:05,is_late_victims,555.956290055291,26.256481481481483,jauh,1,tidak_cicil,negative,1,0,0
0074a1d3f1995ff0538dc7197500973c,2018-05-10 11:06:18,160,4,1,1,599.0,25.9,624.9,5,5,Recent Buyers / New,0,0.043238731218697826,capivari de baixo,SC,-28.443636588435936,-48.95654041508624,Santa Catarina,22 days 07:06:16,6 days 05:17:16,not_late_victims,942.8875169786945,22.29601851851852,sangat_jauh,10,cicil,positive,0,0,1
00762eafc5dac5fc1574f91e9b7c9b67,2018-02-07 22:06:31,251,3,1,1,219.0,14.93,233.93,5,5,About to Sleep,1,0.06817351598173516,sao paulo,SP,-23.498754324236273,-46.58237728186106,São Paulo,3 days 15:48:42,11 days 09:01:25,not_late_victims,87.82183871714129,3.6588194444444446,sangat_dekat,1,tidak_cicil,positive,0,0,1
007658319c060f337577e8a1834d5df5,2018-07-04 10:45:14,105,5,1,1,75.0,44.45,119.45,3,4,Recent Buyers / New,0,0.5926666666666667,joao pessoa,PB,-7.111778900002026,-34.86535122865849,Paraíba,22 days 05:06:35,5 days 02:22:20,not_late_victims,2217.700993794207,22.212905092592592,sangat_jauh,5,cicil,neutral,0,1,0
00765d375af0e700f61c57db00a8ee63,2017-08-10 16:54:23,433,1,1,1,200.0,15.01,215.01,5,5,Lost / Hibernating,1,0.07505,santa barbara d'oeste,SP,-22.75709691277636,-47.37609423222235,São Paulo,6 days 02:00:52,8 days 04:55:00,not_late_victims,123.99666933362776,6.083935185185185,dekat,10,cicil,positive,0,0,1
0076a71311bb2386a353f5ba87d2aa29,2017-07-28 18:52:58,445,1,1,1,44.9,25.63,70.53,2,5,Lost / Hibernating,1,0.5708240534521158,quixada,CE,-4.98296422865782,-39.0176815916028,Ceará,12 days 20:57:35,20 days 03:17:04,not_late_victims,2210.899908954442,12.873321759259259,sangat_jauh,1,tidak_cicil,positive,0,0,1
00776f3807b128beca64cd0b27138d92,2017-09-21 19:05:52,390,2,1,1,294.99,26.58,321.57,5,3,About to Sleep,1,0.09010474931353604,sao paulo,SP,-23.542000785392425,-46.48484332598025,São Paulo,11 days 07:03:46,2 days 04:11:55,not_late_victims,22.948977299514535,11.294282407407408,sangat_dekat,4,cicil,negative,1,0,0
0077ba3f829303a1dce98552495c91a1,2018-06-19 09:11:42,120,5,1,1,139.99,19.66,159.65,4,4,Recent Buyers / New,0,0.1404386027573398,sao paulo,SP,-23.48067042467005,-46.62137685302423,São Paulo,15 days 12:44:02,14 days 01:39:12,not_late_victims,25.978214253946582,15.530578703703704,sangat_dekat,3,cicil,neutral,0,1,0
0077dc76aaf02323f03bce9b00878253,2018-03-11 17:09:55,220,4,1,1,849.5,24.92,874.42,5,5,Recent Buyers / New,0,0.029334902884049444,arapiraca,AL,-9.750486268406371,-36.67025543735731,Alagoas,31 days 02:13:07,-1 days +04:31:22,is_late_victims,365.7502464718721,31.092442129629628,sedang,6,cicil,positive,0,0,1
0078108af1d2dc4b1601c744ca581b4f,2018-05-07 13:51:40,163,4,1,1,53.9,12.82,66.72,2,5,Recent Buyers / New,0,0.237847866419295,serra negra,SP,-22.614621137795265,-46.709593428612386,São Paulo,10 days 00:43:29,6 days 07:21:58,not_late_victims,73.84673825427637,10.03019675925926,sangat_dekat,1,tidak_cicil,positive,0,0,1
0078bb0f0d23e922d08437b7d0e13907,2017-12-21 23:56:54,299,3,1,1,29.99,14.1,44.089999999999996,1,4,About to Sleep,1,0.4701567189063021,belo horizonte,MG,-19.83223092604312,-43.952955641154176,Minas Gerais,17 days 16:20:44,7 days 05:20:49,not_late_victims,503.29315871128523,17.681064814814814,sedang,1,tidak_cicil,neutral,0,1,0
007953b3182d5ccc9189a694f5c68163,2017-04-15 22:00:21,549,1,1,1,99.99,12.09,112.08,3,1,Bad First Impression (New),1,0.12091209120912091,guarulhos,SP,-23.429463596313557,-46.54959010802119,São Paulo,24 days 14:32:58,-3 days +11:11:52,is_late_victims,13.724292123501048,24.60622685185185,sangat_dekat,2,cicil,negative,1,0,0
00797f371bc0f6adb4d267be541a92da,2018-04-09 13:43:51,191,4,1,1,53.9,13.46,67.36,2,5,Recent Buyers / New,0,0.24972170686456402,cruzeiro,SP,-22.584151267556344,-44.97634865146402,São Paulo,7 days 05:21:26,13 days 04:43:19,not_late_victims,496.88080410138815,7.223217592592593,sedang,1,tidak_cicil,positive,0,0,1
0079b50e9f77c1148b472818f92eaebc,2017-11-26 18:13:28,324,2,1,1,24.9,16.79,41.69,1,5,About to Sleep,1,0.6742971887550201,miguel pereira,RJ,-22.455516587510118,-43.47008296388347,Rio de Janeiro,9 days 00:32:08,16 days 04:55:15,not_late_victims,681.4596090593369,9.022314814814814,jauh,4,cicil,positive,0,0,1
0079b7407a428543a7f178cc09164035,2017-11-29 17:44:25,321,2,1,1,48.9,15.1,64.0,2,4,About to Sleep,1,0.30879345603271985,sorocaba,SP,-23.492578215801906,-47.41091670439589,São Paulo,8 days 20:50:08,18 days 07:53:01,not_late_victims,417.2081189452181,8.868148148148148,sedang,4,cicil,neutral,0,1,0
007a2fab7046647dad04fe7d08c57820,2018-02-03 20:41:36,255,3,1,1,109.95,16.53,126.48,3,5,About to Sleep,1,0.15034106412005457,rio de janeiro,RJ,-22.8828767826158,-43.36417448357049,Rio de Janeiro,17 days 13:33:27,10 days 05:53:22,not_late_victims,500.0689485613068,17.564895833333335,sedang,1,tidak_cicil,positive,0,0,1
007ad549acb91673f04eac22c0568114,2017-09-26 14:42:47,386,2,1,1,78.8,12.05,90.85,3,5,About to Sleep,1,0.15291878172588835,mogi das cruzes,SP,-23.532002301785656,-46.17979628874057,São Paulo,6 days 00:15:57,15 days 08:47:38,not_late_victims,445.862978103564,6.011076388888889,sedang,1,tidak_cicil,positive,0,0,1
007b8307b6448f0425ff2001f00c1bdb,2018-05-14 21:18:41,155,4,1,1,21.9,19.04,40.94,1,4,Recent Buyers / New,0,0.869406392694064,belem,PA,-1.4381418066601233,-48.462479406456524,Pará,17 days 22:51:17,10 days 03:38:31,not_late_victims,2465.2657201295838,17.95228009259259,sangat_jauh,1,tidak_cicil,neutral,0,1,0
007ba48697b079e78f168b051462dd1b,2018-06-06 23:49:36,132,5,1,1,129.0,18.78,147.78,4,2,Bad First Impression (New),1,0.1455813953488372,campos do jordao,SP,-22.736719290555136,-45.58642608881505,São Paulo,11 days 23:03:26,28 days 00:42:17,not_late_victims,596.6826676127573,11.960717592592593,jauh,3,cicil,negative,1,0,0
007d9f716ead2bc8712255271a38f609,2018-01-01 15:27:17,289,3,1,1,49.97,17.6,67.57,2,5,About to Sleep,1,0.3522113267960777,goiania,GO,-16.61118365099743,-49.3256778874885,Goiás,17 days 08:26:04,9 days 23:55:28,not_late_victims,533.1200037947348,17.351435185185185,jauh,2,cicil,positive,0,0,1
007e21b7a007c8f8dadfa43c9d5a91db,2018-03-10 22:58:30,220,4,1,1,54.4,16.35,70.75,2,1,Bad First Impression (New),1,0.30055147058823534,rio de janeiro,RJ,-23.008068841447862,-43.29861176534447,Rio de Janeiro,38 days 14:44:50,-9 days +03:27:12,is_late_victims,340.63343033155934,38.61446759259259,dekat,1,tidak_cicil,negative,1,0,0
0083e758383b3deb6c6dac1b0b431ac0,2018-01-06 11:33:27,284,3,1,1,30.5,11.85,42.35,1,5,About to Sleep,1,0.3885245901639344,praia grande,SP,-24.014394674314207,-46.43835831981763,São Paulo,18 days 09:02:35,3 days 07:37:26,not_late_victims,132.49966869981046,18.37679398148148,dekat,1,tidak_cicil,positive,0,0,1
00842c7d0cedb9e1edad8e9b7d148f09,2017-04-05 21:26:56,559,1,1,1,35.0,29.55,64.55,2,5,Lost / Hibernating,1,0.8442857142857143,tijucas,SC,-27.23924890910297,-48.63706692121833,Santa Catarina,29 days 04:16:40,8 days 16:20:19,not_late_victims,2726.512734036723,29.17824074074074,sangat_jauh,1,tidak_cicil,positive,0,0,1
0085139b503668b3addcfe826d91be8d,2018-01-30 13:48:42,260,3,1,1,465.88,38.599999999999994,504.48,5,2,Bad First Impression (New),1,0.0828539538078475,urania,SP,-20.24649225322917,-50.64351825817718,São Paulo,16 days 03:31:07,5 days 06:13:42,not_late_victims,603.5355756383095,16.146608796296295,jauh,5,cicil,negative,1,0,0
0085d749fc64f766ece1729464f8039a,2018-03-21 22:59:41,209,4,1,1,330.0,19.53,349.53,5,5,Recent Buyers / New,0,0.05918181818181818,jaboatao dos guararapes,PE,-8.18571048443651,-34.924259019270224,Pernambuco,15 days 19:41:13,9 days 05:08:18,not_late_victims,2120.889686984464,15.820289351851851,sangat_jauh,8,cicil,positive,0,0,1
008778a1591d49f6b2464dffaa4fa662,2017-07-19 19:43:14,454,1,1,1,249.99,10.56,260.55,5,5,Lost / Hibernating,1,0.04224168966758671,sao paulo,SP,-23.582587183333352,-46.52229628006048,São Paulo,2 days 00:24:15,10 days 03:32:35,not_late_victims,6.414370813839365,2.016840277777778,sangat_dekat,10,cicil,positive,0,0,1
0087c31081ea8d160baa06bf4ad4d76f,2018-06-22 19:57:24,116,5,1,1,160.0,23.05,183.05,4,4,Recent Buyers / New,0,0.1440625,joinville,SC,-26.27482843606635,-48.82034246888775,Santa Catarina,9 days 16:25:54,21 days 10:56:41,not_late_victims,667.7956458381478,9.684652777777778,jauh,8,cicil,neutral,0,1,0
0087eede471173af78d789df249c3a45,2017-02-16 20:12:03,607,1,1,1,126.99,24.12,151.10999999999999,4,5,Lost / Hibernating,1,0.18993621545003544,porto alegre,RS,-30.016072959902225,-51.17892132567786,Rio Grande do Sul,12 days 11:56:14,18 days 08:40:47,not_late_victims,857.9242964282718,12.49738425925926,jauh,1,tidak_cicil,positive,0,0,1
008b06aba4b5f5b5b94f525ccf520624,2018-08-22 10:49:05,56,5,1,1,67.98,22.52,90.5,3,5,Recent Buyers / New,0,0.331273904089438,sorocaba,SP,-23.497316500688548,-47.5016021640742,São Paulo,6 days 09:39:05,-1 days +03:16:17,is_late_victims,104.53339001814605,6.402141203703704,sangat_dekat,2,cicil,positive,0,0,1
008b82b072c6b564fcce49a325f84097,2018-03-10 18:42:35,220,4,1,1,29.9,15.23,45.129999999999995,1,4,Recent Buyers / New,0,0.5093645484949834,rio de janeiro,RJ,-22.87907528708003,-43.314672063074205,Rio de Janeiro,23 days 02:57:50,21 days 01:21:18,not_late_victims,341.0716829704469,23.12349537037037,dekat,4,cicil,neutral,0,1,0
